customer_id,recency,frequency,monetary_value,T
10,0,0,0.0,819
100,0,0,0.0,320
1000,0,0,0.0,1204
1002,0,0,0.0,951
1003,0,0,0.0,317
1005,176,1,466.72,1398
1006,1061,2,190.67,1070
1008,0,0,0.0,1316
1009,766,1,3501.34,1108
101,672,1,1004.18,1288
1010,0,0,0.0,1089
1011,0,0,0.0,182
1012,0,0,0.0,501
1014,1022,4,179.53,1401
1015,1157,3,1067.3,1200
1016,416,1,1022.96,1298
1017,254,1,413.71,456
1018,787,3,306.54,1180
102,1045,6,4041.78,1365
1020,1294,6,470.23,1395
1021,0,0,0.0,396
1022,0,0,0.0,63
1023,889,2,434.5,1326
1025,820,3,6516.38,850
1026,770,2,521.59,1242
1027,1387,1,4528.56,1390
1028,965,3,785.17,1189
103,0,0,0.0,1042
1030,274,1,1167.44,620
1031,773,4,554.84,1094
1032,927,1,509.29,1094
1033,292,3,516.72,371
1035,887,2,1031.53,1389
1036,742,1,325.2,1389
1038,810,2,1616.77,1111
1039,430,1,397.63,698
104,0,0,0.0,1042
1041,1292,2,686.87,1354
1042,565,1,215.94,1325
1043,320,1,1605.47,436
1044,1016,4,4051.54,1296
1045,0,0,0.0,845
1046,0,0,0.0,651
1047,0,0,0.0,1222
1048,0,0,0.0,200
1049,0,0,0.0,280
105,0,0,0.0,311
1050,0,0,0.0,200
1052,0,0,0.0,683
1053,811,4,747.86,952
1054,1096,2,607.68,1316
1056,0,0,0.0,1082
1057,0,0,0.0,1082
1058,0,0,0.0,477
1059,0,0,0.0,980
106,0,0,0.0,1028
1060,1347,6,2981.84,1378
1061,0,0,0.0,357
1062,1347,4,268.13,1378
1063,213,2,1318.94,357
1065,1069,2,153.11,1231
1066,90,2,2075.52,125
1068,1053,2,183.8,1202
1069,1096,4,628.74,1143
107,0,0,0.0,1365
1071,55,1,68.64,305
1072,1079,1,498.7,1375
1074,585,3,1203.84,1039
1075,939,1,1045.33,1393
1077,0,0,0.0,238
1079,619,1,648.97,1029
108,0,0,0.0,916
1080,917,3,747.75,1149
1081,0,0,0.0,10
1082,731,1,2502.42,957
1083,1107,1,1301.11,1371
1085,1165,6,126.59,1456
1086,1291,4,725.65,1347
1088,948,4,1494.58,994
1089,632,2,638.51,1080
109,0,0,0.0,1288
1090,1030,4,825.99,1030
1091,330,1,6826.03,421
1092,93,1,159.83,175
1093,0,0,0.0,1080
1095,0,0,0.0,1034
1096,0,0,0.0,753
1097,0,0,0.0,113
1098,0,0,0.0,113
1099,0,0,0.0,251
11,0,0,0.0,1234
110,0,0,0.0,1042
1101,1096,2,135.81,1152
1102,0,0,0.0,758
1103,1078,3,732.86,1361
1104,1319,7,3323.25,1361
1105,915,3,905.63,957
1106,1248,12,2541.77,1321
1107,0,0,0.0,1136
1108,1122,5,272.15,1321
1109,1256,5,1131.77,1281
111,0,0,0.0,320
1110,0,0,0.0,490
1112,0,0,0.0,1186
1113,1156,3,1581.27,1182
1115,364,1,445.48,497
1116,183,2,1549.79,316
1117,1038,5,814.99,1244
1118,463,2,6582.54,779
1119,425,4,309.62,686
112,0,0,0.0,916
1120,473,1,1045.41,827
1121,1399,4,1707.94,1423
1123,721,4,812.0,1203
1124,0,0,0.0,1107
1126,902,3,395.04,1074
1127,1096,3,1271.25,1225
1128,0,0,0.0,1105
1129,1090,12,1844.65,1414
113,0,0,0.0,1028
1130,431,1,13.55,1086
1131,789,4,119.64,1320
1132,123,2,1014.93,1420
1133,977,3,612.7,1254
1135,0,0,0.0,753
1136,1178,4,1475.05,1278
1138,204,2,564.11,1233
1139,128,1,1016.25,239
114,1453,2,51.04,1458
1140,237,1,6248.84,280
1141,669,3,105.97,823
1142,1251,5,713.55,1276
1143,578,1,3420.58,1074
1145,622,1,1560.25,802
1146,254,2,394.67,532
1148,0,0,0.0,533
1149,0,0,0.0,93
115,1225,4,434.88,1362
1150,0,0,0.0,367
1151,743,1,6339.86,1118
1152,0,0,0.0,367
1153,732,1,855.21,856
1155,511,1,312.92,1459
1156,0,0,0.0,1235
1157,0,0,0.0,873
1158,0,0,0.0,612
1159,0,0,0.0,1321
116,0,0,0.0,266
1161,0,0,0.0,443
1162,0,0,0.0,768
1163,0,0,0.0,1064
1164,0,0,0.0,265
1165,0,0,0.0,389
1166,0,0,0.0,389
1167,0,0,0.0,265
1168,0,0,0.0,675
117,1453,7,1161.93,1458
1170,220,1,696.92,1308
1171,204,1,616.2,1094
1172,0,0,0.0,510
1173,0,0,0.0,240
1174,0,0,0.0,668
1175,0,0,0.0,253
1176,718,2,238.38,971
1178,267,1,3083.25,1362
1180,106,3,264.28,307
1181,0,0,0.0,33
1182,1117,2,1814.55,1318
1183,1118,4,419.2,1281
1185,1346,5,3826.26,1381
1186,1098,1,2027.52,1362
1187,0,0,0.0,935
1188,0,0,0.0,935
1189,809,2,125.48,1293
119,488,3,334.28,745
1190,802,3,60.0,1086
1191,0,0,0.0,1099
1192,0,0,0.0,651
1193,1165,16,1838.37,1293
1194,893,2,611.35,1156
1195,279,1,159.15,930
1196,0,0,0.0,1081
1197,0,0,0.0,1384
1198,0,0,0.0,269
1199,0,0,0.0,1224
12,0,0,0.0,676
120,761,2,1189.3,1268
1200,0,0,0.0,1224
1201,0,0,0.0,218
1202,0,0,0.0,1224
1203,0,0,0.0,1099
1204,0,0,0.0,1084
1206,983,4,673.14,1090
1208,905,2,33.06,999
1209,0,0,0.0,325
1211,1244,5,1854.42,1429
1212,1119,2,5475.38,1265
1213,1079,4,148.7,1426
1215,0,0,0.0,389
1216,692,2,739.08,1081
1217,1281,5,2393.93,1343
1218,0,0,0.0,375
1219,0,0,0.0,62
122,506,2,634.89,629
1220,0,0,0.0,567
1221,0,0,0.0,968
1222,0,0,0.0,649
1223,0,0,0.0,375
1224,0,0,0.0,62
1225,0,0,0.0,567
1226,0,0,0.0,1343
1227,0,0,0.0,1343
1228,1076,5,7078.35,1414
1229,1096,2,74.4,1414
123,1096,1,266.31,1179
1230,519,2,556.6,1063
1231,226,2,2981.8,544
1233,1105,3,623.7,1179
1234,365,2,170.62,684
1236,0,0,0.0,797
1237,1213,4,1964.71,1249
1238,1135,3,1639.34,1249
1239,258,1,55.17,951
1241,944,3,3227.77,1202
1242,786,3,222.84,1063
1244,68,1,244.41,893
1245,745,1,1059.62,962
1246,1145,3,2899.77,1366
1247,604,1,294.94,1366
1248,2,1,1031.82,223
125,327,1,95.2,451
1250,410,3,3257.47,1179
1251,405,2,103.67,638
1253,0,0,0.0,1348
1254,1222,4,95.04,1320
1255,0,0,0.0,232
1257,1038,5,317.97,1319
1258,0,0,0.0,886
1259,577,2,2512.52,1351
126,719,1,41.35,843
1261,788,3,605.59,1150
1262,584,2,986.01,1060
1263,0,0,0.0,136
1264,100,1,474.14,362
1265,1163,2,350.89,1299
1267,1067,2,151.12,1420
1268,88,1,545.17,145
1269,0,0,0.0,505
127,126,1,772.26,238
1271,1356,4,396.45,1362
1272,0,0,0.0,767
1273,0,0,0.0,22
1274,0,0,0.0,650
1275,0,0,0.0,22
1276,0,0,0.0,767
1277,0,0,0.0,20
1278,0,0,0.0,874
1279,661,4,1422.87,1401
1280,1284,5,5529.1,1401
1281,1394,4,2446.49,1437
1282,1394,5,9184.89,1437
1283,0,0,0.0,254
1285,0,0,0.0,915
1286,458,1,3647.54,589
1287,0,0,0.0,915
1288,0,0,0.0,131
1289,0,0,0.0,565
129,1221,2,1503.5,1253
1290,0,0,0.0,65
1291,847,2,934.44,1022
1292,0,0,0.0,654
1293,847,1,261.75,1022
1295,435,1,1398.81,722
1296,398,1,1438.82,423
1298,1170,1,952.44,1418
1299,979,2,983.28,1017
130,222,2,168.77,576
1300,0,0,0.0,632
1301,329,2,1903.46,961
1303,1129,4,1214.76,1411
1304,1226,5,182.02,1348
1305,1096,1,1169.24,1413
1307,1117,2,213.19,1280
1309,0,0,0.0,977
1310,44,2,716.78,304
1311,0,0,0.0,829
1312,783,4,214.37,971
1313,783,4,1102.9,971
1314,1287,8,3125.13,1372
1315,763,3,756.22,1372
1316,97,1,1424.29,1372
1317,931,3,295.09,1016
1318,76,1,861.25,819
1319,0,0,0.0,743
132,802,2,533.12,833
1320,0,0,0.0,819
1322,0,0,0.0,836
1323,0,0,0.0,899
1324,0,0,0.0,762
1325,0,0,0.0,233
1326,0,0,0.0,899
1327,0,0,0.0,899
1328,0,0,0.0,232
1329,0,0,0.0,899
133,786,2,242.0,1023
1330,0,0,0.0,350
1331,0,0,0.0,116
1332,0,0,0.0,232
1333,0,0,0.0,964
1334,0,0,0.0,522
1335,0,0,0.0,534
1336,0,0,0.0,232
1337,0,0,0.0,534
1338,0,0,0.0,1239
1339,692,4,361.4,940
134,0,0,0.0,31
1340,1214,6,1700.83,1239
1341,1096,2,116.53,1239
1343,272,1,138.68,632
1344,731,1,293.75,880
1346,1019,3,52.9,1079
1347,896,2,448.79,1158
1348,908,3,2045.67,934
1350,764,2,1502.85,1171
1351,0,0,0.0,1253
1352,987,2,157.15,1158
1354,1031,2,81.83,1238
1355,0,0,0.0,894
1357,874,5,1185.57,1307
1358,977,1,575.81,1043
136,1096,2,115.1,1141
1360,972,4,358.07,1435
1361,196,1,697.6,1435
1363,1019,3,92.17,1426
1364,978,1,500.35,1385
1365,0,0,0.0,912
1367,1251,5,507.65,1454
1368,1337,4,442.89,1379
1369,0,0,0.0,1379
137,0,0,0.0,431
1371,73,1,267.48,618
1372,988,2,162.43,1016
1374,1096,1,38.07,1303
1375,0,0,0.0,360
1376,0,0,0.0,970
1377,0,0,0.0,100
1378,845,1,982.71,945
1379,0,0,0.0,360
138,0,0,0.0,325
1380,0,0,0.0,1100
1381,0,0,0.0,970
1383,965,2,80.02,1340
1384,1039,4,989.18,1280
1386,797,3,211.4,864
1387,84,1,713.81,228
1389,1104,5,406.47,1436
139,0,0,0.0,365
1390,669,1,2840.22,1141
1391,1261,5,398.48,1347
1392,567,1,1813.98,920
1393,0,0,0.0,203
1394,0,0,0.0,808
1395,0,0,0.0,808
1396,0,0,0.0,522
1397,0,0,0.0,808
1398,0,0,0.0,891
1399,0,0,0.0,522
14,1096,1,609.33,1329
1400,0,0,0.0,808
1401,0,0,0.0,355
1402,1440,7,3354.7,1446
1403,0,0,0.0,288
1404,402,4,765.5,408
1405,1363,3,534.28,1446
1406,731,1,27.31,814
1408,0,0,0.0,387
1409,199,2,371.48,410
141,375,1,74.85,1082
1410,1335,5,801.85,1364
1411,990,4,409.18,1082
1412,1096,1,83.26,1247
1413,1335,11,2324.26,1364
1414,0,0,0.0,320
1416,1096,7,350.93,1335
1417,258,2,1976.79,978
1418,634,3,205.23,1279
1419,0,0,0.0,1102
142,0,0,0.0,1308
1421,747,3,108.35,836
1422,554,1,1580.25,836
1424,755,4,285.13,1449
1425,1273,2,981.46,1279
1427,1004,2,2415.18,1244
1429,218,1,3136.58,563
143,0,0,0.0,707
1430,639,2,766.74,751
1432,1355,2,154.3,1397
1433,1336,2,1510.99,1397
1434,899,3,1176.07,931
1435,660,1,463.54,692
1437,0,0,0.0,241
1438,1266,3,212.23,1439
1439,1068,1,354.81,1343
144,0,0,0.0,1308
1441,0,0,0.0,771
1442,932,4,848.11,1285
1443,514,1,827.78,696
1445,886,2,1066.84,1003
1446,70,1,246.0,282
1447,700,2,273.43,885
1448,0,0,0.0,885
145,1326,3,152.14,1446
1450,1211,4,587.45,1317
1451,0,0,0.0,1022
1452,0,0,0.0,959
1453,0,0,0.0,360
1454,0,0,0.0,881
1455,0,0,0.0,360
1456,0,0,0.0,360
1457,0,0,0.0,360
1458,853,3,388.55,1086
1459,1059,3,2083.76,1366
146,1137,4,544.35,1206
1461,906,2,2165.86,1125
1462,392,3,135.1,611
1463,465,4,2242.16,824
1464,0,0,0.0,1053
1466,1120,4,581.62,1299
1467,0,0,0.0,13
1468,534,1,2742.6,547
1469,0,0,0.0,1298
147,0,0,0.0,212
1471,1263,2,2099.81,1381
1472,1217,3,1146.91,1280
1473,1328,2,558.08,1440
1475,0,0,0.0,785
1476,344,1,1837.12,519
1478,0,0,0.0,926
1479,274,2,664.3,778
148,0,0,0.0,527
1480,448,1,2126.38,606
1481,1250,2,332.65,1375
1482,850,2,78.71,1375
1484,1100,1,796.64,1391
1485,1022,1,2458.9,1229
1486,335,1,1635.25,828
1487,512,2,1191.43,973
1488,512,4,5543.22,973
149,0,0,0.0,829
1490,480,6,904.78,779
1491,0,0,0.0,299
1492,1049,2,1283.26,1111
1494,1019,5,741.09,1207
1495,165,2,119.77,702
1496,0,0,0.0,745
1497,881,3,3103.85,1207
1499,609,1,1122.58,1426
15,1019,5,81.0,1363
1500,148,1,949.07,209
1502,709,2,1368.61,1150
1503,407,2,2999.17,575
1505,1007,2,181.22,1297
1507,283,2,437.78,1038
1509,0,0,0.0,112
151,986,3,123.22,1439
1510,859,2,2500.97,971
1511,963,1,2170.99,1105
1512,0,0,0.0,1053
1514,28,1,711.79,311
1515,0,0,0.0,311
1517,0,0,0.0,51
1518,0,0,0.0,51
1519,0,0,0.0,1113
152,1161,5,713.72,1446
1520,0,0,0.0,120
1521,0,0,0.0,51
1522,452,1,958.15,1113
1523,0,0,0.0,120
1525,606,1,115.23,736
1526,1387,4,1997.32,1420
1527,880,4,596.14,1271
1528,1158,3,1287.92,1271
153,555,3,217.32,617
1530,59,1,2168.29,542
1531,979,3,1623.83,1263
1533,1168,1,73.43,1243
1534,0,0,0.0,217
1536,712,3,1261.84,786
1537,0,0,0.0,346
1538,549,2,1744.58,611
154,358,1,2113.82,483
1540,784,2,124.64,880
1541,149,1,2767.52,236
1542,0,0,0.0,830
1544,253,1,91.9,812
1545,610,3,584.3,955
1546,301,1,2346.21,812
1547,967,3,800.25,995
1548,971,4,2267.32,1104
1550,121,2,4135.1,637
1551,540,3,270.22,1102
1552,1211,5,315.54,1279
1553,1306,5,125.24,1380
1554,771,4,495.17,1323
1556,0,0,0.0,1309
1557,365,1,1062.5,1193
1558,704,4,520.9,964
1559,0,0,0.0,1356
156,995,3,641.04,1327
1561,989,3,852.66,1401
1562,402,3,166.02,667
1563,42,1,1857.55,307
1565,87,1,750.69,468
1566,24,1,242.58,73
1568,869,3,1072.84,921
1569,860,2,5777.15,912
157,12,1,11.51,344
1571,173,1,169.17,501
1572,415,2,590.4,501
1574,920,3,364.86,1240
1575,545,2,2668.1,745
1577,258,1,874.19,323
1578,0,0,0.0,246
1579,0,0,0.0,338
1580,0,0,0.0,1233
1581,0,0,0.0,841
1582,0,0,0.0,324
1583,0,0,0.0,841
1584,0,0,0.0,606
1585,731,1,177.96,796
1587,0,0,0.0,392
1588,327,1,31.26,603
159,827,2,277.1,941
1590,776,3,804.2,1184
1591,132,1,2286.61,728
1592,608,3,236.46,1016
1593,1096,2,49.17,1184
1595,523,2,2550.59,1146
1596,0,0,0.0,604
1597,0,0,0.0,623
1599,0,0,0.0,750
16,1096,1,579.23,1418
1600,0,0,0.0,596
1602,1035,3,1508.39,1178
1603,1387,2,282.47,1445
1604,0,0,0.0,143
1606,1118,3,3527.41,1454
1607,1188,2,1390.25,1356
1609,1254,4,95.92,1330
161,0,0,0.0,219
1610,0,0,0.0,76
1611,0,0,0.0,472
1612,0,0,0.0,472
1613,0,0,0.0,472
1614,0,0,0.0,1363
1616,347,2,1421.18,599
1618,0,0,0.0,1365
1619,540,3,238.27,758
162,309,2,2506.71,349
1620,1208,4,513.63,1365
1622,61,1,520.39,748
1623,1115,4,978.25,1133
1625,1347,4,1187.54,1375
1626,0,0,0.0,334
1627,999,1,1006.41,1129
1628,1013,3,549.71,1029
1629,0,0,0.0,307
163,572,1,490.44,788
1630,1013,4,3663.32,1029
1632,857,2,115.99,1446
1633,1237,2,974.34,1239
1634,1113,2,630.59,1179
1636,1176,3,900.56,1447
1637,862,3,727.91,986
1638,0,0,0.0,742
1639,0,0,0.0,1404
164,980,3,511.03,1278
1640,0,0,0.0,121
1641,0,0,0.0,272
1642,0,0,0.0,121
1644,1050,2,568.73,1113
1646,953,1,17.51,1203
1648,685,1,2621.07,1193
1649,0,0,0.0,1406
1650,1096,4,433.94,1332
1651,0,0,0.0,991
1653,535,3,491.65,1256
1654,421,3,24.99,437
1657,568,4,219.44,932
1658,304,1,1250.85,551
166,763,2,838.23,1450
1660,845,3,841.58,1041
1662,588,1,135.24,898
1663,300,1,530.05,361
1665,1389,6,709.64,1404
1667,676,2,1077.69,710
1668,178,1,2688.84,262
167,543,1,452.56,922
1670,1256,2,965.45,1347
1671,1088,3,1933.44,1240
1672,1302,3,903.03,1303
1673,0,0,0.0,928
1675,561,1,1685.87,627
1676,483,3,447.1,632
1677,458,1,761.75,524
1679,947,2,1886.81,1198
1680,1286,5,665.8,1338
1681,0,0,0.0,542
1682,1214,4,2981.24,1235
1683,1096,4,567.54,1235
1684,944,2,279.98,965
1686,1139,2,351.43,1399
1687,500,3,3532.44,1006
1689,969,4,751.05,1194
169,1313,2,2841.91,1458
1690,1229,4,1505.25,1256
1692,0,0,0.0,1438
1693,1197,2,2694.85,1438
1695,51,1,182.69,568
1696,798,2,182.69,898
1697,1320,2,238.88,1445
1699,865,1,1236.6,1377
17,352,1,20.32,986
170,0,0,0.0,1021
1701,344,1,1903.48,736
1702,1399,3,181.95,1444
1704,0,0,0.0,956
1705,377,2,53.43,984
1707,896,4,603.99,1034
1708,1222,4,2030.7,1263
1709,1116,3,918.25,1259
171,0,0,0.0,1358
1711,536,1,1217.78,1386
1712,1096,5,280.81,1177
1713,288,1,175.69,1312
1715,465,1,300.59,1069
1716,0,0,0.0,327
1718,1160,2,337.11,1394
1719,687,2,295.29,1444
172,548,1,74.27,901
1720,78,1,1274.2,976
1721,869,3,974.7,1141
1722,531,2,302.24,858
1723,1158,9,3218.82,1430
1725,645,1,2459.4,1334
1726,835,4,858.3,1030
1727,1230,6,3258.44,1259
1728,0,0,0.0,1227
1730,1108,4,1747.85,1181
1731,0,0,0.0,483
1732,731,2,1747.71,784
1733,1096,3,19640.43,1184
1734,350,1,7769.88,1184
1735,795,1,1788.01,1099
1737,0,0,0.0,1307
1738,617,2,716.85,1374
1739,1134,3,2513.64,1154
174,25,1,33.09,898
1740,981,4,715.38,1065
1741,225,2,60.96,380
1743,414,1,30.36,1237
1744,591,2,263.62,694
1745,1439,13,2627.96,1452
1746,0,0,0.0,173
1747,0,0,0.0,365
1748,1102,4,495.07,1115
1749,1315,2,157.05,1452
175,731,1,302.56,986
1750,861,4,137.09,1094
1751,953,2,312.53,1056
1752,953,2,79.21,1056
1754,0,0,0.0,1222
1755,294,2,188.54,572
1756,0,0,0.0,28
1757,0,0,0.0,602
1758,0,0,0.0,28
1759,0,0,0.0,602
1760,0,0,0.0,686
1762,0,0,0.0,649
1763,248,2,273.08,649
1764,41,1,703.53,1258
1765,905,6,579.72,1153
1767,702,2,2368.38,1192
1769,329,1,5830.74,414
177,695,2,591.12,1028
1770,0,0,0.0,858
1771,1212,2,268.32,1396
1772,892,2,674.27,899
1773,892,2,2651.02,899
1775,1096,2,165.06,1113
1776,365,1,421.05,1245
1777,957,4,1017.26,1349
1778,1096,5,1370.73,1147
1779,317,1,493.92,948
178,951,2,876.72,1039
1781,912,3,1502.78,1298
1782,1419,3,2695.94,1455
1783,790,3,769.77,809
1784,0,0,0.0,19
1785,0,0,0.0,19
1786,1,1,8123.49,19
1788,444,3,642.1,1259
1789,129,1,877.16,867
1790,292,2,1534.99,495
1792,124,1,1412.83,654
1793,1378,5,1702.33,1455
1794,0,0,0.0,430
1796,982,7,2346.84,996
1798,0,0,0.0,435
1799,771,2,140.71,858
18,1236,3,937.87,1326
180,353,2,3456.64,372
1800,931,1,151.0,1018
1802,1096,3,2215.52,1309
1803,0,0,0.0,358
1804,0,0,0.0,347
1805,0,0,0.0,138
1807,788,2,1077.23,1092
1808,876,3,550.49,1385
1809,503,1,213.61,939
181,1401,6,1889.4,1409
1810,503,2,2332.59,939
1811,0,0,0.0,472
1813,613,1,40.03,1055
1814,263,1,2526.98,1318
1815,991,2,664.23,1238
1816,1081,2,778.67,1244
1817,386,2,149.97,463
1818,1096,2,401.6,1173
1819,759,2,127.89,1048
182,0,0,0.0,650
1820,714,1,132.24,877
1821,1081,10,1607.77,1244
1822,935,3,12574.81,1086
1823,0,0,0.0,697
1824,935,2,4217.37,1086
1826,866,2,790.97,1353
1827,1096,3,1126.24,1411
1828,1233,3,73.02,1411
1829,103,1,207.68,1377
183,0,0,0.0,8
1831,358,3,272.71,766
1833,217,1,112.14,710
1834,0,0,0.0,297
1836,898,6,2241.56,1169
1837,964,3,83.31,1169
1838,0,0,0.0,271
1839,0,0,0.0,271
184,0,0,0.0,1409
1840,0,0,0.0,1188
1842,563,2,470.34,1067
1843,93,1,2396.43,504
1845,0,0,0.0,226
1846,0,0,0.0,226
1847,812,3,1199.43,887
1849,408,1,1731.55,1370
185,0,0,0.0,715
1850,845,4,1255.61,987
1852,987,3,388.36,1199
1853,0,0,0.0,171
1854,789,1,256.96,1199
1855,0,0,0.0,786
1856,0,0,0.0,212
1857,0,0,0.0,410
1858,0,0,0.0,212
1859,0,0,0.0,410
186,0,0,0.0,789
1860,0,0,0.0,1295
1861,0,0,0.0,702
1862,0,0,0.0,729
1863,0,0,0.0,420
1864,0,0,0.0,556
1865,0,0,0.0,970
1866,0,0,0.0,556
1867,0,0,0.0,132
1869,1027,1,1999.88,1338
187,0,0,0.0,1018
1870,0,0,0.0,311
1872,108,1,162.16,233
1873,1211,2,868.37,1444
1875,1366,4,1052.62,1432
1876,0,0,0.0,139
1877,0,0,0.0,196
1879,0,0,0.0,396
188,0,0,0.0,1135
1880,0,0,0.0,212
1881,0,0,0.0,212
1882,0,0,0.0,1217
1883,0,0,0.0,396
1884,0,0,0.0,212
1885,0,0,0.0,1217
1886,0,0,0.0,243
1888,271,1,2801.18,456
1889,388,1,582.05,1171
1890,828,2,143.99,1036
1891,887,3,897.95,1183
1893,1312,2,1550.11,1345
1894,206,1,1975.64,1406
1896,96,1,29.0,669
1898,0,0,0.0,319
1899,0,0,0.0,761
19,0,0,0.0,1320
190,0,0,0.0,1237
1900,0,0,0.0,761
1901,0,0,0.0,319
1902,502,2,846.62,1000
1903,0,0,0.0,761
1904,860,1,709.83,1067
1906,413,1,1825.38,1140
1907,977,2,361.82,1140
1908,735,2,199.32,894
191,934,2,1106.4,1237
1910,1096,2,1023.08,1279
1912,0,0,0.0,793
1913,877,5,106.92,889
1914,0,0,0.0,206
1916,48,1,601.99,1403
1917,1071,3,390.16,1375
1918,761,5,172.78,1184
1919,1096,2,568.75,1225
1921,0,0,0.0,924
1922,0,0,0.0,918
1923,0,0,0.0,924
1924,0,0,0.0,918
1925,557,1,1005.12,912
1927,1347,4,1103.04,1424
1928,1034,2,705.98,1259
193,270,1,170.57,1458
1930,0,0,0.0,840
1931,225,1,53.12,522
1933,877,1,41.35,1352
1934,652,2,193.64,1127
1935,484,2,1372.76,1363
1936,0,0,0.0,286
1938,1339,5,502.72,1380
1939,0,0,0.0,679
194,1429,3,1712.54,1451
1940,370,2,674.65,1380
1942,585,1,289.28,677
1943,709,1,152.51,1070
1945,0,0,0.0,172
1946,1142,5,1351.61,1435
1948,0,0,0.0,986
1949,1155,4,1443.62,1248
195,644,1,22.36,941
1950,1093,2,275.39,1274
1952,553,2,3081.65,582
1953,669,4,737.92,684
1955,0,0,0.0,784
1956,999,2,925.42,1108
1957,1169,6,253.67,1181
1958,1000,2,315.67,1109
1959,1363,11,3208.41,1439
196,1089,1,136.92,1091
1960,0,0,0.0,737
1961,639,3,663.77,737
1962,1096,3,270.86,1170
1963,446,3,46.54,894
1964,0,0,0.0,76
1966,406,2,1066.83,823
1967,1096,4,377.6,1384
1968,1,1,950.49,425
197,1069,4,769.1,1186
1970,0,0,0.0,768
1971,1096,3,316.02,1443
1972,1022,1,2233.06,1443
1974,1165,2,708.21,1321
1975,76,2,838.4,175
1976,1123,2,408.94,1451
1978,0,0,0.0,383
1979,893,5,106.52,1152
198,1184,6,2387.18,1186
1980,501,1,4681.84,911
1981,0,0,0.0,911
1983,210,1,298.92,247
1984,1104,1,746.59,1141
1986,625,2,265.31,1151
1988,934,1,489.85,1458
1989,1317,4,784.39,1440
1990,280,1,551.36,583
1991,1139,2,346.85,1227
1993,473,1,192.56,991
1994,821,5,752.33,900
1995,0,0,0.0,569
1997,1172,3,269.43,1436
1998,1010,3,1180.76,1124
1999,945,8,7356.14,973
2,0,0,0.0,582
20,280,1,418.11,579
200,584,2,156.63,704
2000,0,0,0.0,973
2001,781,3,1992.4,791
2002,731,1,881.19,805
2004,1151,3,1776.86,1171
2006,959,9,547.82,1213
2007,850,8,849.17,887
2009,0,0,0.0,257
2010,167,1,1756.03,257
2011,1202,4,1183.03,1292
2012,880,3,1070.88,1082
2014,345,2,178.54,1380
2015,0,0,0.0,758
2017,697,3,234.52,963
2018,804,4,421.06,1046
2019,438,2,1266.04,484
202,289,2,174.97,1344
2020,616,1,5829.87,1417
2021,926,4,325.83,936
2023,727,3,713.0,833
2025,760,3,113.04,1076
2026,676,2,527.05,680
2027,0,0,0.0,1076
2029,0,0,0.0,104
2030,1,1,2849.91,1201
2032,0,0,0.0,839
2033,448,3,679.43,1093
2034,559,4,823.85,792
2035,792,1,197.39,1139
2037,1146,2,364.6,1390
2038,1218,1,1089.61,1350
2039,756,2,728.04,979
204,374,2,785.44,960
2041,104,2,1086.3,168
2042,116,1,141.28,225
2044,1176,2,1470.25,1286
2046,530,3,4292.5,1115
2047,0,0,0.0,11
2048,845,4,1476.68,1051
2049,621,1,238.89,1106
205,0,0,0.0,488
2050,470,1,1305.56,481
2052,1159,2,507.84,1230
2053,802,2,1641.94,848
2055,396,1,241.32,620
2056,0,0,0.0,23
2058,1180,4,769.25,1236
2059,1041,3,472.77,1263
2061,540,2,957.36,1432
2062,1250,5,4224.77,1432
2063,1289,5,379.12,1333
2065,0,0,0.0,534
2066,1303,6,208.06,1376
2067,545,3,1046.04,1028
2069,1412,4,637.8,1449
207,0,0,0.0,710
2070,494,1,119.56,1141
2071,107,1,1303.61,1248
2072,1050,2,1262.43,1248
2073,1127,4,503.11,1181
2075,905,3,53.84,1044
2077,0,0,0.0,734
2078,0,0,0.0,734
2079,0,0,0.0,374
208,0,0,0.0,305
2080,0,0,0.0,734
2081,1203,3,337.03,1277
2082,864,3,3470.89,1012
2084,0,0,0.0,530
2085,426,1,1811.63,864
2087,631,3,674.19,743
2088,665,2,199.23,734
2089,994,3,3288.34,1097
2090,586,1,3131.48,588
2092,855,3,325.67,1025
2094,1153,2,2864.4,1244
2095,0,0,0.0,97
2097,0,0,0.0,1353
2098,272,1,197.03,1353
2099,779,5,389.67,1453
21,1236,7,2407.19,1326
210,826,4,487.77,1263
2100,580,2,2044.19,740
2101,649,1,401.62,688
2103,496,1,172.61,516
2104,0,0,0.0,20
2105,806,3,1186.17,827
2106,0,0,0.0,962
2107,1118,12,6211.83,1121
2108,1096,4,3881.94,1121
2109,0,0,0.0,530
211,1225,5,659.18,1274
2110,543,3,156.12,546
2111,698,2,212.69,811
2112,220,2,598.83,824
2114,755,4,140.38,1376
2115,544,1,755.6,1159
2117,0,0,0.0,1168
2118,580,5,539.91,767
2119,301,1,779.79,565
212,942,4,450.25,1044
2121,350,1,519.3,951
2122,949,4,1217.26,1429
2123,217,1,5.79,484
2124,1224,4,730.47,1279
2125,0,0,0.0,378
2127,1203,2,480.84,1384
2129,0,0,0.0,750
2130,0,0,0.0,748
2131,923,4,1121.2,1277
2132,1110,4,304.51,1451
2133,167,3,265.24,471
2135,0,0,0.0,1243
2137,1261,1,106.01,1430
2138,655,1,118.94,926
2139,1235,4,1405.06,1355
214,495,1,1146.7,894
2141,1024,2,3676.59,1231
2142,0,0,0.0,1071
2143,1053,2,1004.72,1297
2145,0,0,0.0,1420
2146,1329,3,66.9,1455
2148,902,3,1125.43,984
2149,895,2,522.76,896
215,305,2,111.72,315
2151,1300,3,232.6,1456
2153,327,1,1401.94,736
2155,696,1,1093.55,861
2156,731,2,234.83,922
2157,1011,2,4086.02,1202
2158,0,0,0.0,19
2159,387,1,541.01,1137
216,261,1,643.39,939
2160,115,1,84.69,582
2161,166,3,982.78,705
2162,945,4,2708.54,1137
2164,443,1,42.75,1452
2165,0,0,0.0,1452
2166,0,0,0.0,698
2167,0,0,0.0,698
2168,0,0,0.0,182
2169,0,0,0.0,182
217,715,3,235.85,840
2171,0,0,0.0,384
2172,0,0,0.0,384
2174,166,1,166.36,1090
2175,0,0,0.0,159
2176,0,0,0.0,919
2177,0,0,0.0,991
2178,0,0,0.0,1253
2179,0,0,0.0,890
218,0,0,0.0,1118
2180,0,0,0.0,991
2181,0,0,0.0,673
2183,1096,3,1013.77,1112
2185,508,1,762.39,603
2186,0,0,0.0,311
2187,0,0,0.0,1333
2188,602,1,5444.1,680
2189,1255,2,14672.14,1333
2190,1096,5,3992.77,1235
2191,0,0,0.0,152
2192,405,5,692.42,544
2193,0,0,0.0,1235
2195,0,0,0.0,372
2196,975,3,1321.33,1181
2197,1054,4,754.44,1101
2198,404,1,461.24,1319
220,117,1,314.39,604
2200,77,1,2337.32,811
2201,0,0,0.0,1193
2202,1289,2,3320.23,1430
2203,1255,3,719.11,1426
2204,1096,3,1850.41,1426
2206,789,3,715.26,1456
2207,0,0,0.0,919
2209,1096,4,524.19,1258
221,731,3,699.76,918
2210,13,1,289.82,417
2211,1056,2,114.37,1460
2212,288,1,1060.94,1352
2213,1040,1,867.34,1064
2215,1210,5,1005.28,1287
2216,1032,2,765.06,1287
2218,673,2,80.16,674
2220,1080,2,60.23,1221
2221,0,0,0.0,223
2223,232,3,438.86,999
2224,919,2,3276.17,991
2225,1164,5,986.85,1228
2227,493,2,219.6,751
2228,311,2,1282.65,929
223,0,0,0.0,720
2230,841,1,2348.51,1035
2231,687,1,1481.73,1033
2232,925,2,462.4,1033
2233,0,0,0.0,108
2234,0,0,0.0,108
2235,0,0,0.0,1052
2236,0,0,0.0,1052
2237,0,0,0.0,947
2238,0,0,0.0,947
224,0,0,0.0,682
2240,1358,1,58.95,1365
2241,180,1,19.48,805
2243,467,2,92.51,793
2244,0,0,0.0,360
2245,440,1,250.96,1030
2247,0,0,0.0,849
2248,410,1,186.3,498
2249,540,2,733.17,760
225,0,0,0.0,700
2250,730,3,181.52,1175
2251,0,0,0.0,158
2253,0,0,0.0,727
2254,526,3,902.85,1253
2256,608,4,547.68,1278
2257,588,3,601.69,1115
2258,1244,2,2202.13,1393
226,0,0,0.0,233
2260,1124,4,420.15,1234
2261,167,1,64.35,308
2262,0,0,0.0,323
2264,645,1,1154.82,1254
2265,1195,4,366.29,1251
2266,1227,4,1276.08,1315
2268,1134,3,1474.61,1307
2269,0,0,0.0,169
227,0,0,0.0,700
2270,1074,4,1244.45,1243
2272,0,0,0.0,1202
2273,350,2,993.08,1336
2274,947,1,2560.41,1336
2276,716,2,4143.57,1096
2277,498,1,155.02,498
2279,1207,6,337.38,1288
228,538,2,602.65,1369
2280,0,0,0.0,245
2281,1078,2,665.56,1434
2282,1096,4,338.84,1244
2283,0,0,0.0,1437
2285,603,1,717.32,1205
2286,1410,2,220.59,1426
2287,1096,3,430.75,1377
2289,1022,1,146.73,1153
2290,1125,3,503.81,1274
2291,816,3,493.63,829
2293,0,0,0.0,232
2294,0,0,0.0,232
2295,0,0,0.0,122
2296,0,0,0.0,465
2297,0,0,0.0,232
2298,0,0,0.0,187
2299,0,0,0.0,324
23,738,2,1077.07,781
230,0,0,0.0,726
2300,333,1,1200.31,460
2301,0,0,0.0,366
2302,142,1,1310.88,1419
2303,1292,4,3973.69,1419
2305,365,1,3775.67,1106
2306,0,0,0.0,656
2308,1341,3,473.64,1378
2309,944,2,6978.91,975
2310,0,0,0.0,497
2311,0,0,0.0,497
2312,0,0,0.0,497
2313,422,2,2646.03,769
2314,0,0,0.0,232
2316,0,0,0.0,83
2317,0,0,0.0,676
2318,0,0,0.0,198
2319,0,0,0.0,1057
232,381,1,680.55,880
2320,0,0,0.0,676
2321,0,0,0.0,813
2323,1197,2,215.87,1386
2324,0,0,0.0,132
2325,0,0,0.0,132
2326,0,0,0.0,963
2327,0,0,0.0,132
2329,876,2,650.45,1060
233,0,0,0.0,1410
2330,1127,5,549.77,1194
2332,153,1,8094.93,404
2333,956,4,681.38,1104
2334,1130,3,218.39,1365
2335,0,0,0.0,477
2337,420,2,787.13,589
2338,1355,3,847.71,1448
2339,526,1,70.52,1132
234,1278,4,385.21,1425
2341,262,1,2379.62,365
2342,605,5,1930.73,643
2343,499,2,908.68,643
2345,0,0,0.0,1388
2346,1096,4,1605.02,1451
2347,975,4,202.5,1016
2348,0,0,0.0,818
2350,0,0,0.0,576
2351,835,3,64.97,1188
2352,963,4,756.87,1107
2353,0,0,0.0,1159
2355,1096,2,1185.07,1415
2356,1059,1,707.94,1203
2358,740,3,1088.46,1398
2359,1404,2,658.13,1425
236,1308,4,1077.3,1408
2360,782,3,991.58,1030
2361,1096,1,41.52,1405
2363,973,2,74.3,1177
2365,64,1,3895.98,439
2366,360,1,426.3,620
2368,360,1,88.64,835
2369,823,4,625.03,1448
237,0,0,0.0,670
2371,277,1,921.18,1065
2372,1252,2,116.1,1387
2373,939,3,271.73,1074
2374,456,2,670.72,681
2376,920,1,1031.58,1213
2377,0,0,0.0,886
2378,922,3,908.11,1032
2379,0,0,0.0,1336
238,253,1,211.94,493
2380,1206,5,229.82,1345
2381,58,1,1775.21,618
2382,1206,7,3204.96,1345
2384,0,0,0.0,91
2385,1096,3,829.8,1319
2386,527,2,1572.26,986
2387,849,2,2308.26,986
2388,0,0,0.0,353
2390,78,1,1831.39,510
2391,595,2,636.19,1316
2393,36,1,600.17,1312
2394,366,1,651.0,1340
2395,1024,3,2179.55,1195
2397,592,1,521.57,647
2398,1170,3,99.22,1225
2399,825,3,296.96,954
24,1081,3,682.94,1433
240,1248,3,1328.09,1351
2400,481,3,1306.72,557
2401,0,0,0.0,557
2402,0,0,0.0,670
2403,666,6,6647.57,742
2404,0,0,0.0,742
2405,0,0,0.0,141
2406,0,0,0.0,141
2407,0,0,0.0,670
2409,661,4,415.26,867
241,1085,3,1333.41,1351
2410,511,1,403.75,632
2411,0,0,0.0,15
2413,0,0,0.0,53
2414,0,0,0.0,1025
2415,0,0,0.0,53
2416,0,0,0.0,38
2417,1079,3,280.36,1204
2418,760,3,1871.39,1455
2419,1341,2,402.42,1376
242,908,1,89.01,975
2420,1228,2,2246.06,1335
2422,59,1,878.28,1317
2423,669,3,1426.34,1259
2425,0,0,0.0,509
2426,1244,4,711.51,1387
2427,1114,2,1897.76,1232
2429,717,1,943.87,738
2430,1330,4,442.17,1378
2431,1275,6,1177.53,1300
2432,504,2,360.85,1138
2433,1054,3,233.72,1300
2434,0,0,0.0,931
2435,0,0,0.0,931
2437,1173,1,455.97,1401
2439,103,1,278.2,995
244,0,0,0.0,74
2440,0,0,0.0,1040
2441,0,0,0.0,1184
2442,1157,4,462.14,1184
2443,983,5,266.51,1443
2444,0,0,0.0,1040
2445,0,0,0.0,187
2447,799,2,437.2,973
2448,701,1,102.8,1281
245,308,2,1722.64,315
2450,1171,3,793.36,1318
2451,0,0,0.0,1030
2453,817,4,4244.58,859
2454,1260,2,1137.61,1401
2455,830,3,237.38,1076
2456,1096,1,1476.8,1439
2457,1302,4,637.12,1439
2458,143,1,24.65,1277
2459,705,2,489.23,886
2460,1239,3,1499.2,1277
2462,106,1,231.44,674
2463,462,3,894.49,617
2464,70,1,1716.59,1330
2466,1096,3,1020.14,1222
2467,0,0,0.0,956
2468,1289,5,414.8,1344
2469,655,3,1095.68,855
247,874,2,557.06,1226
2470,0,0,0.0,426
2472,1308,4,294.63,1409
2473,0,0,0.0,313
2475,832,2,2130.6,854
2476,37,1,1727.39,123
2478,0,0,0.0,92
2479,8,1,1199.98,318
248,632,4,379.99,984
2480,308,2,4014.39,543
2481,1008,2,149.37,1182
2483,0,0,0.0,138
2484,1096,4,1025.21,1205
2486,178,1,1235.18,1424
2487,1164,4,900.68,1290
2488,0,0,0.0,1179
2489,1033,4,1928.56,1419
2490,1308,5,629.4,1416
2491,1308,14,3671.4,1416
2492,0,0,0.0,149
2493,0,0,0.0,880
2494,0,0,0.0,708
2495,284,1,33.18,1345
2497,26,1,31.09,878
2498,1171,7,2971.72,1412
2499,1171,5,750.34,1412
25,440,1,975.1,622
250,470,2,722.51,1129
2500,1170,3,443.33,1247
2502,1096,1,331.34,1383
2503,570,2,778.06,857
2505,0,0,0.0,952
2506,0,0,0.0,1122
2507,0,0,0.0,1122
2508,0,0,0.0,1272
2509,0,0,0.0,1336
251,630,4,1588.81,659
2510,0,0,0.0,807
2511,0,0,0.0,852
2512,0,0,0.0,1295
2513,0,0,0.0,248
2514,0,0,0.0,376
2515,0,0,0.0,492
2516,0,0,0.0,1122
2517,0,0,0.0,248
2518,0,0,0.0,807
2519,0,0,0.0,807
252,0,0,0.0,29
2520,0,0,0.0,1122
2521,472,1,2041.8,1231
2522,0,0,0.0,1122
2523,0,0,0.0,852
2525,703,3,881.11,858
2526,694,1,1319.61,1134
2527,276,1,882.24,1134
2529,0,0,0.0,850
2530,414,1,976.08,1373
2531,1334,5,173.75,1339
2532,0,0,0.0,1093
2533,0,0,0.0,10
2534,1255,1,722.27,1373
2535,0,0,0.0,10
2536,0,0,0.0,10
2538,0,0,0.0,92
2539,828,3,1874.89,1364
254,1114,3,1023.09,1117
2540,1196,3,135.56,1364
2542,403,2,864.6,454
2543,1012,1,2170.87,1116
2544,494,1,28.2,768
2545,1249,5,369.8,1392
2546,541,2,106.17,547
2547,1062,3,658.5,1169
2548,1299,8,1482.18,1367
2549,1096,3,524.19,1350
255,728,3,508.48,1045
2550,261,2,193.4,928
2551,1299,3,164.71,1367
2553,1107,1,41.38,1418
2554,105,1,664.95,416
2555,1036,4,1814.29,1452
2556,0,0,0.0,578
2558,921,1,82.82,1088
256,1208,4,249.14,1430
2560,0,0,0.0,990
2561,1317,3,1029.38,1380
2562,0,0,0.0,926
2563,505,1,615.56,1363
2564,637,1,6791.7,801
2565,694,3,13153.58,858
2566,0,0,0.0,163
2567,890,2,1275.35,1038
2568,875,2,191.19,1038
2569,403,1,34.69,1043
2570,1055,1,3672.76,1163
2571,1096,5,14115.55,1163
2572,213,1,6752.21,770
2574,591,3,1311.75,722
2575,0,0,0.0,405
2577,208,2,1451.4,861
2578,311,2,1777.84,1155
2579,1407,7,249.1,1458
258,1096,4,185.34,1278
2580,155,2,850.99,219
2581,487,1,838.11,846
2583,0,0,0.0,1120
2584,699,3,427.48,1118
2585,522,1,704.79,811
2587,519,3,213.17,1221
2588,275,2,1621.04,376
2589,351,1,39.69,376
259,1398,2,2599.01,1442
2591,0,0,0.0,69
2592,227,1,205.84,1038
2593,1278,7,680.12,1354
2594,0,0,0.0,961
2596,535,1,112.94,664
2598,0,0,0.0,425
2599,0,0,0.0,425
26,532,2,287.9,552
260,0,0,0.0,982
2600,0,0,0.0,6
2601,0,0,0.0,1197
2602,0,0,0.0,737
2603,0,0,0.0,1183
2604,0,0,0.0,1183
2605,0,0,0.0,956
2606,0,0,0.0,425
2607,0,0,0.0,452
2608,0,0,0.0,64
2610,271,1,26.21,1325
2611,0,0,0.0,803
2612,0,0,0.0,1054
2613,0,0,0.0,1256
2614,0,0,0.0,803
2616,793,1,757.76,1207
2617,1096,4,998.05,1100
2618,1341,7,829.66,1444
2619,1098,5,168.8,1379
262,993,3,496.02,1070
2620,847,2,154.97,1195
2621,0,0,0.0,1199
2623,344,1,168.65,944
2624,809,1,2910.82,1010
2626,1096,4,2079.66,1242
2628,1220,1,221.24,1263
2629,1007,2,118.64,1080
263,1302,4,957.38,1440
2630,1383,4,1443.81,1456
2631,857,4,634.3,1045
2632,0,0,0.0,188
2634,0,0,0.0,1061
2635,16,1,391.7,1057
2637,382,2,1016.74,703
2638,1096,3,1008.03,1302
2639,1102,3,329.79,1199
264,0,0,0.0,238
2641,886,4,751.94,990
2642,237,2,347.9,341
2643,440,2,1190.69,615
2644,210,1,674.52,828
2645,653,4,4014.55,828
2647,320,1,126.31,1201
2649,298,1,477.56,1299
2650,1102,2,1438.48,1153
2652,1182,3,884.23,1316
2653,0,0,0.0,1408
2655,899,4,2373.11,1353
2656,731,3,120.44,1016
2657,210,3,2011.78,562
2658,0,0,0.0,352
266,181,1,990.94,1323
2660,0,0,0.0,1406
2661,0,0,0.0,654
2662,0,0,0.0,654
2663,0,0,0.0,107
2664,0,0,0.0,107
2666,775,3,427.72,881
2667,0,0,0.0,1369
2668,620,4,2514.09,1374
2669,771,3,2932.31,841
267,0,0,0.0,117
2670,1109,4,7032.6,1128
2671,908,1,3406.45,1128
2672,0,0,0.0,1077
2673,187,2,696.13,206
2675,150,1,3233.67,557
2677,787,1,221.61,1111
2678,810,3,77.01,820
268,0,0,0.0,1364
2680,0,0,0.0,475
2681,757,2,444.13,832
2683,0,0,0.0,529
2684,1120,2,641.31,1415
2685,1237,4,631.31,1367
2687,0,0,0.0,102
2688,0,0,0.0,349
2689,0,0,0.0,1153
269,568,3,914.54,1122
2690,0,0,0.0,228
2691,0,0,0.0,349
2692,0,0,0.0,149
2693,1051,1,352.15,1153
2694,0,0,0.0,1083
2696,0,0,0.0,1397
2697,699,2,936.0,1226
2698,645,1,304.86,995
2699,1254,6,1693.86,1319
27,1096,3,718.02,1155
270,770,3,957.57,911
2700,148,1,3775.98,424
2701,0,0,0.0,424
2702,823,4,142.39,825
2704,1045,4,141.25,1158
2705,53,1,2998.81,631
2706,0,0,0.0,228
2708,7,1,489.93,734
2709,588,1,714.16,1313
271,946,3,263.68,1372
2710,672,4,147.32,866
2712,184,1,2513.91,235
2713,972,2,374.14,1289
2714,373,2,1617.33,801
2715,1119,3,139.41,1268
2717,0,0,0.0,1047
2718,1133,5,751.25,1217
272,1338,12,2683.72,1364
2720,561,4,973.23,1294
2721,0,0,0.0,143
2723,465,1,874.82,1038
2724,1118,3,761.11,1340
2725,1221,3,412.76,1444
2727,0,0,0.0,59
2728,599,2,4050.2,877
2729,958,1,1978.82,1396
2730,431,1,5550.36,546
2731,731,4,147.53,942
2733,646,2,818.22,780
2734,0,0,0.0,574
2735,0,0,0.0,574
2736,0,0,0.0,155
2737,40,1,472.82,1349
2738,0,0,0.0,1358
274,466,1,385.63,687
2740,555,1,706.05,1055
2741,1113,6,759.32,1390
2743,495,2,2890.45,511
2744,0,0,0.0,479
2745,1055,1,1221.6,1384
2746,360,2,626.12,995
2747,790,4,3459.75,1425
2749,0,0,0.0,139
275,0,0,0.0,1256
2750,1200,3,603.37,1394
2752,988,3,921.72,996
2753,680,2,4047.55,779
2754,364,2,333.55,463
2755,0,0,0.0,639
2756,680,5,9031.68,779
2758,0,0,0.0,103
2759,0,0,0.0,757
276,0,0,0.0,1320
2760,0,0,0.0,1349
2761,0,0,0.0,1065
2762,0,0,0.0,26
2763,0,0,0.0,1065
2764,0,0,0.0,1349
2765,0,0,0.0,1313
2766,0,0,0.0,757
2767,0,0,0.0,222
2769,517,3,329.83,526
277,0,0,0.0,203
2770,964,2,421.9,1210
2771,1096,3,176.38,1297
2773,839,1,67.23,1376
2775,0,0,0.0,1431
2776,0,0,0.0,1449
2778,866,3,966.23,1419
2779,1199,4,868.43,1299
278,0,0,0.0,550
2780,901,2,99.09,922
2781,1096,3,3213.82,1249
2783,735,1,1059.95,800
2784,735,3,1277.01,860
2785,835,3,3926.7,1007
2787,1096,4,499.74,1390
2788,0,0,0.0,891
279,0,0,0.0,550
2790,0,0,0.0,109
2791,1001,3,545.92,1265
2792,1069,3,398.94,1076
2794,826,4,471.96,1382
2795,1198,3,892.98,1254
2796,816,2,929.67,1440
2797,1362,6,684.4,1451
2799,525,1,2163.84,788
28,813,1,106.0,1074
280,0,0,0.0,687
2801,1139,3,359.31,1282
2803,632,2,1661.42,1425
2804,0,0,0.0,168
2805,0,0,0.0,611
2806,0,0,0.0,611
2807,0,0,0.0,899
2808,0,0,0.0,168
2809,0,0,0.0,793
281,0,0,0.0,645
2810,0,0,0.0,793
2812,355,1,300.98,571
2813,1181,2,502.36,1423
2815,0,0,0.0,702
2816,910,3,39.55,978
2817,971,2,506.74,1309
2819,0,0,0.0,360
282,0,0,0.0,1320
2820,1161,4,753.53,1331
2822,162,1,126.5,820
2823,0,0,0.0,1341
2825,879,5,2233.94,1137
2827,831,1,251.67,952
2828,747,2,212.43,1411
283,0,0,0.0,1110
2830,0,0,0.0,1045
2831,485,2,89.99,583
2833,0,0,0.0,1193
2834,922,2,1290.52,926
2835,591,1,545.03,765
2837,1314,3,777.03,1394
2838,0,0,0.0,550
284,0,0,0.0,687
2840,83,1,456.3,1199
2841,70,1,692.97,896
2842,669,1,13350.92,1010
2843,669,1,3311.18,1010
2844,0,0,0.0,341
2846,789,1,222.92,1027
2847,1337,2,179.25,1362
2848,945,4,566.46,1121
2850,459,2,1244.34,944
2851,650,1,610.37,1362
2853,823,1,33.43,1084
2854,568,5,227.58,668
2855,1340,2,2653.94,1440
2856,61,1,1957.29,333
2858,1214,2,2371.1,1324
2859,1077,5,3016.72,1187
286,0,0,0.0,1293
2860,405,3,1876.56,768
2861,1194,5,3163.67,1221
2862,0,0,0.0,1360
2864,0,0,0.0,895
2865,1395,3,1394.66,1407
2866,0,0,0.0,765
2867,1134,6,8705.17,1354
2868,1139,3,1351.53,1453
2869,189,1,2639.16,426
287,735,5,185.92,1078
2870,649,1,1910.31,886
2871,0,0,0.0,886
2873,1063,2,1398.87,1439
2874,1163,4,1570.94,1365
2876,105,3,73.78,266
2877,760,2,406.94,1400
2878,760,2,1646.55,1400
288,1108,2,1511.43,1264
2880,1287,4,1183.05,1374
2881,0,0,0.0,29
2882,1275,15,2074.7,1410
2883,517,2,114.01,1332
2884,1184,4,797.63,1383
2885,1145,5,610.7,1280
2886,0,0,0.0,1410
2887,0,0,0.0,408
2889,828,3,360.06,930
2890,684,4,851.8,930
2891,504,3,667.27,787
2892,0,0,0.0,1226
2893,1010,4,823.4,1226
2894,823,3,674.86,1039
2896,1225,4,1888.45,1439
2897,937,2,432.79,1417
2899,0,0,0.0,591
29,731,1,92.48,1066
290,1096,4,1062.26,1193
2900,838,3,229.89,1078
2901,0,0,0.0,750
2903,1083,3,137.47,1285
2905,0,0,0.0,424
2907,0,0,0.0,107
2908,1123,5,864.14,1453
291,157,1,1414.7,571
2910,368,1,1595.71,925
2911,531,2,123.66,721
2912,883,1,2082.26,1343
2913,1059,3,573.87,1089
2915,216,4,3925.9,900
2916,748,2,1919.43,788
2917,0,0,0.0,62
2918,863,1,287.73,877
2919,0,0,0.0,24
292,0,0,0.0,571
2920,1106,2,1106.52,1120
2922,312,1,13.2,1082
2923,275,1,1585.68,1218
2924,1218,3,710.14,1445
2926,937,4,60.82,1020
2927,528,3,570.48,611
2928,1096,3,896.7,1131
2930,0,0,0.0,947
2931,942,4,624.26,1219
2932,0,0,0.0,1166
2933,0,0,0.0,583
2934,0,0,0.0,522
2935,0,0,0.0,1330
2936,0,0,0.0,234
2937,0,0,0.0,583
2938,0,0,0.0,1166
2939,0,0,0.0,884
294,0,0,0.0,535
2940,0,0,0.0,884
2941,0,0,0.0,1315
2942,0,0,0.0,432
2944,0,0,0.0,1213
2945,782,3,44.86,965
2947,1124,3,145.04,1245
2948,665,1,201.94,966
2949,736,2,1156.41,763
295,0,0,0.0,763
2951,1096,3,757.2,1234
2952,755,1,1618.5,1173
2954,630,2,591.93,1109
2955,36,1,249.02,102
2957,1210,3,1320.18,1369
2958,929,2,186.43,1195
296,0,0,0.0,12
2960,1333,2,139.81,1366
2962,1052,2,115.32,1334
2963,1074,2,1917.76,1288
2964,1231,2,1377.93,1350
2966,667,1,164.16,1043
2968,1195,3,409.82,1227
2969,59,1,1628.22,337
297,0,0,0.0,763
2970,0,0,0.0,457
2972,16,1,44.94,499
2973,886,3,1414.68,1175
2974,0,0,0.0,41
2976,980,1,827.87,1135
2977,792,3,3788.19,814
2979,138,2,105.71,1434
298,0,0,0.0,535
2980,1403,5,226.16,1434
2981,529,2,1303.24,637
2983,0,0,0.0,871
2984,954,6,376.81,1037
2985,0,0,0.0,363
2987,1096,2,556.47,1282
2988,618,3,3040.72,920
2989,0,0,0.0,772
299,0,0,0.0,843
2991,1096,1,5682.69,1149
2992,859,1,130.59,1149
2994,149,1,105.93,282
2995,367,3,362.85,582
2996,0,0,0.0,215
2998,636,1,281.81,722
2999,1322,4,809.46,1361
3,1090,3,1236.87,1273
300,0,0,0.0,146
3000,1147,4,1785.56,1254
3001,856,4,269.06,1201
3003,895,2,764.13,1213
3004,1216,8,2851.79,1239
3005,675,3,416.98,1119
3006,1220,4,895.52,1239
3008,977,2,763.31,1212
3009,0,0,0.0,279
301,0,0,0.0,116
3010,0,0,0.0,72
3011,1241,5,5998.6,1313
3012,1063,3,1823.38,1160
3013,120,1,35.65,217
3015,218,1,3343.08,323
3017,1081,2,420.16,1271
3018,0,0,0.0,1013
3019,0,0,0.0,447
3020,0,0,0.0,447
3022,834,2,906.37,836
3023,0,0,0.0,335
3025,0,0,0.0,635
3026,707,3,1132.0,959
3027,0,0,0.0,252
3029,222,1,444.24,393
303,235,2,2108.18,326
3030,590,3,789.7,761
3031,517,3,489.83,641
3032,0,0,0.0,3
3034,0,0,0.0,345
3035,1278,1,227.57,1446
3036,189,2,1368.7,1264
3038,0,0,0.0,304
3039,784,3,255.87,915
304,229,1,2001.25,307
3041,409,1,1811.1,1326
3042,1066,4,885.49,1426
3043,849,3,880.31,1038
3044,0,0,0.0,656
3045,1096,4,293.16,1121
3046,307,1,125.64,1237
3048,1096,4,868.51,1213
3049,0,0,0.0,85
305,803,3,2391.35,965
3050,0,0,0.0,473
3051,0,0,0.0,252
3053,1135,3,1221.94,1246
3054,0,0,0.0,111
3055,0,0,0.0,591
3056,0,0,0.0,589
3057,0,0,0.0,591
3058,0,0,0.0,589
306,959,3,710.13,1235
3060,170,1,1466.93,509
3062,0,0,0.0,250
3063,1371,3,1062.44,1404
3064,1233,1,3140.99,1266
3066,690,3,967.71,782
3067,1190,3,2178.82,1216
3068,0,0,0.0,546
3069,1159,3,569.15,1309
307,887,3,1207.8,950
3071,0,0,0.0,361
3072,239,1,250.79,361
3073,982,3,913.78,1036
3074,632,2,8767.88,1039
3075,1164,7,15193.65,1218
3076,1031,5,249.08,1273
3077,1289,4,1115.5,1334
3078,1278,3,938.84,1299
3079,1289,12,3319.27,1334
308,1172,14,5850.03,1235
3081,637,3,337.9,864
3083,378,2,2380.56,531
3084,215,2,493.56,1168
3086,739,2,1353.46,1139
3087,424,3,247.6,730
3089,522,1,182.31,1256
3091,0,0,0.0,582
3092,789,4,819.84,888
3094,358,1,1557.49,827
3095,866,1,508.77,1442
3096,1120,2,921.73,1317
3098,1345,4,726.63,1363
31,0,0,0.0,507
310,773,4,267.8,965
3100,683,2,93.98,1193
3101,0,0,0.0,519
3102,415,1,1403.17,800
3103,608,1,1411.47,629
3104,0,0,0.0,199
3105,0,0,0.0,1198
3106,1177,3,4444.25,1198
3108,821,3,3106.65,831
3109,324,2,410.8,429
311,0,0,0.0,965
3110,0,0,0.0,940
3112,533,3,301.61,783
3113,959,2,409.23,1140
3114,0,0,0.0,113
3116,585,2,570.75,1088
3118,911,1,596.27,1095
3119,1278,2,2661.87,1280
3120,1142,5,561.38,1296
3121,545,5,2200.67,699
3123,1167,3,307.03,1273
3124,1043,2,510.75,1311
3125,487,1,120.74,1456
3126,777,1,1145.39,1037
3128,843,5,165.67,1102
3129,529,2,5206.0,646
313,870,4,2747.2,894
3131,0,0,0.0,320
3132,1102,5,3243.48,1288
3133,231,1,1775.77,1445
3134,706,3,1309.33,829
3135,0,0,0.0,80
3136,0,0,0.0,1227
3137,0,0,0.0,1119
3138,0,0,0.0,1108
3139,0,0,0.0,1155
314,1093,2,1169.82,1382
3141,519,2,722.73,1126
3142,409,1,15.39,607
3143,0,0,0.0,1378
3145,359,2,2343.98,654
3146,1378,3,276.3,1457
3148,1235,4,1709.78,1447
3149,1405,3,643.17,1447
315,0,0,0.0,1382
3151,1182,10,1407.99,1307
3153,965,1,119.92,1071
3154,886,5,657.86,1435
3155,1300,4,1095.15,1441
3156,693,3,1199.7,712
3157,0,0,0.0,712
3159,0,0,0.0,1072
3160,0,0,0.0,341
3162,316,1,757.73,562
3163,806,2,308.11,1055
3165,25,1,354.91,342
3166,0,0,0.0,342
3167,631,3,1217.36,1291
3168,792,2,183.0,1054
3169,1034,2,123.53,1358
317,1249,1,1109.71,1293
3170,0,0,0.0,1417
3172,471,3,677.65,590
3173,0,0,0.0,320
3174,0,0,0.0,320
3176,1138,3,554.17,1153
3177,1264,3,262.86,1388
3179,1296,4,533.8,1298
318,0,0,0.0,402
3180,58,1,1694.9,146
3181,0,0,0.0,779
3183,0,0,0.0,1030
3184,750,1,1531.43,803
3186,346,1,789.38,953
3187,1399,4,131.25,1400
3188,822,7,363.21,953
319,0,0,0.0,231
3190,0,0,0.0,534
3191,1178,3,115.65,1384
3192,382,2,1507.09,588
3194,831,1,132.34,1392
3195,787,2,1214.87,930
3196,618,2,6137.73,1247
3197,618,2,1503.88,1247
3198,0,0,0.0,816
32,1206,5,1311.59,1408
3200,418,3,236.32,709
3201,776,3,680.03,979
3203,0,0,0.0,887
3205,0,0,0.0,1372
3206,1305,6,1440.58,1372
3208,395,2,1232.18,773
3209,973,2,476.42,1099
321,0,0,0.0,1184
3211,1096,1,265.68,1234
3213,49,1,639.25,155
3214,352,3,94.32,442
3215,0,0,0.0,90
3217,0,0,0.0,135
3218,461,4,1446.29,559
322,0,0,0.0,323
3220,0,0,0.0,1025
3221,857,2,149.93,1176
3222,880,1,236.52,1199
3224,825,2,227.14,1370
3225,1124,2,758.09,1447
3226,348,1,222.69,1447
3228,585,1,4677.28,694
3229,1150,2,669.69,1259
3230,916,2,411.02,1259
3231,470,3,58.71,813
3233,197,1,668.12,569
3235,0,0,0.0,698
3236,731,2,399.38,1032
3238,357,1,321.88,1306
3239,529,4,575.13,603
324,847,4,2853.44,875
3241,176,1,43.35,832
3242,263,1,241.07,354
3243,0,0,0.0,1300
3244,358,3,942.15,408
3245,0,0,0.0,374
3246,0,0,0.0,1187
3247,0,0,0.0,967
3248,598,1,1206.32,1334
3249,976,3,951.47,1318
3250,0,0,0.0,68
3251,1111,9,2967.22,1116
3252,1134,3,262.14,1372
3254,0,0,0.0,880
3255,1195,1,83.2,1231
3257,1267,4,1278.75,1315
3258,1275,5,1346.71,1381
3259,0,0,0.0,912
326,993,2,718.04,1118
3261,1001,3,2303.02,1285
3262,98,1,960.76,697
3264,0,0,0.0,1322
3265,950,2,256.25,951
3266,0,0,0.0,1252
3267,0,0,0.0,551
3268,0,0,0.0,551
3269,0,0,0.0,1252
327,0,0,0.0,828
3270,0,0,0.0,951
3272,731,3,241.64,819
3273,570,2,180.27,690
3274,340,1,852.08,427
3275,1301,4,1187.3,1381
3276,363,2,208.01,690
3277,0,0,0.0,15
3279,1048,3,607.91,1365
3280,525,1,977.98,1009
3282,0,0,0.0,555
3283,1096,3,579.73,1350
3284,1206,3,630.28,1410
3285,1235,2,861.13,1455
3287,1029,3,1244.19,1316
3288,0,0,0.0,569
3289,714,9,1118.53,827
329,0,0,0.0,1357
3290,0,0,0.0,485
3291,0,0,0.0,366
3292,0,0,0.0,667
3293,0,0,0.0,827
3294,0,0,0.0,263
3295,594,2,196.15,707
3296,0,0,0.0,792
3297,0,0,0.0,376
3299,100,2,1726.91,995
33,1158,2,258.84,1295
330,0,0,0.0,432
3300,0,0,0.0,42
3302,0,0,0.0,441
3303,1180,4,481.74,1273
3304,346,2,953.19,1059
3306,0,0,0.0,1370
3307,0,0,0.0,1254
3308,0,0,0.0,775
3309,0,0,0.0,1378
331,0,0,0.0,1357
3310,0,0,0.0,1378
3311,0,0,0.0,1254
3312,0,0,0.0,709
3313,0,0,0.0,133
3314,0,0,0.0,1254
3315,0,0,0.0,133
3316,11,1,199.94,709
3317,0,0,0.0,133
3319,0,0,0.0,1136
332,0,0,0.0,432
3320,530,2,310.89,1161
3321,6,1,121.46,631
3322,0,0,0.0,705
3324,724,2,198.72,1418
3325,1218,5,129.43,1286
3327,0,0,0.0,1396
3328,538,3,310.46,741
333,0,0,0.0,125
3330,790,1,357.24,926
3331,1281,5,236.14,1456
3333,630,2,773.25,728
3334,0,0,0.0,534
3335,0,0,0.0,98
3337,0,0,0.0,476
3338,1235,3,249.93,1334
3339,0,0,0.0,1113
3340,1042,3,2094.45,1267
3341,289,2,246.88,388
3342,1294,5,4805.1,1417
3343,0,0,0.0,240
3344,1294,2,991.16,1417
3345,724,2,1285.26,847
3347,1265,3,493.65,1455
3348,0,0,0.0,300
335,0,0,0.0,1337
3350,683,1,523.24,1438
3351,1105,5,149.27,1245
3352,0,0,0.0,1085
3354,809,5,153.59,1325
3355,1251,3,465.57,1402
3356,491,1,1976.77,1337
3358,0,0,0.0,400
3359,1051,3,2949.44,1160
336,454,3,3434.47,848
3360,966,1,2430.63,1382
3361,454,3,1333.24,1382
3363,589,4,704.49,983
3364,0,0,0.0,663
3366,1143,3,713.26,1317
3367,916,3,588.32,1155
3368,679,2,1903.89,720
3369,1096,2,17.75,1418
337,99,2,1901.07,144
3371,972,4,605.44,989
3372,684,2,178.31,1013
3374,1018,3,571.15,1308
3375,914,5,1213.98,969
3376,409,1,1450.61,587
3378,148,1,603.38,159
3379,1181,6,388.08,1192
3380,700,1,5233.43,1168
3381,1296,3,289.3,1379
3382,870,1,499.33,955
3384,0,0,0.0,952
3385,1420,2,984.14,1445
3386,1096,3,1310.87,1154
3388,646,2,299.99,1146
3389,0,0,0.0,133
339,955,3,222.03,1201
3390,0,0,0.0,622
3391,0,0,0.0,356
3393,1268,3,719.24,1342
3394,702,2,514.37,836
3396,440,3,2760.33,511
3397,1128,4,4967.65,1303
3398,568,2,2868.58,969
3399,1323,1,1098.07,1373
340,0,0,0.0,25
3400,1096,4,384.46,1184
3402,884,2,1477.38,994
3403,1312,1,319.87,1422
341,0,0,0.0,64
342,1089,4,4872.21,1153
343,0,0,0.0,1249
344,0,0,0.0,1153
345,0,0,0.0,319
346,0,0,0.0,298
347,0,0,0.0,64
348,0,0,0.0,319
349,915,6,8048.76,1301
35,182,1,10389.33,399
350,0,0,0.0,627
351,915,5,2448.45,1301
353,0,0,0.0,1327
354,601,3,685.28,820
355,717,1,6943.45,766
357,1006,3,856.03,1133
358,1383,3,264.92,1452
36,0,0,0.0,399
360,737,3,1277.01,1095
361,0,0,0.0,816
362,0,0,0.0,232
363,0,0,0.0,1012
364,0,0,0.0,232
365,0,0,0.0,232
366,0,0,0.0,1444
367,0,0,0.0,266
369,1038,2,1252.57,1177
37,0,0,0.0,399
370,0,0,0.0,1314
371,0,0,0.0,1314
372,0,0,0.0,439
373,1093,3,5029.41,1388
374,0,0,0.0,448
375,1096,3,1200.26,1388
377,578,1,262.57,1171
378,265,2,742.07,593
380,815,3,1594.52,884
381,933,4,650.24,1340
382,248,1,412.25,951
383,499,1,242.76,1383
385,411,1,359.44,755
386,635,2,459.58,755
387,367,2,505.15,1115
388,1360,4,592.48,1458
389,1345,4,735.1,1424
39,710,1,105.2,912
391,665,3,1241.49,783
392,1096,1,56.51,1397
393,1233,5,324.88,1415
394,444,2,218.66,690
395,991,1,3313.24,1109
397,1208,2,783.15,1428
398,1096,4,1305.06,1134
399,575,1,457.46,652
40,0,0,0.0,285
401,538,1,1043.81,1003
402,361,2,566.71,456
403,0,0,0.0,1003
404,183,1,714.81,278
405,0,0,0.0,278
406,0,0,0.0,1320
408,1056,2,666.89,1155
409,0,0,0.0,1050
411,0,0,0.0,1337
412,0,0,0.0,962
413,0,0,0.0,944
414,0,0,0.0,944
415,0,0,0.0,962
417,516,3,251.42,655
418,266,2,1088.77,1079
419,0,0,0.0,1079
42,386,1,394.38,421
420,0,0,0.0,494
421,0,0,0.0,1424
422,0,0,0.0,82
423,0,0,0.0,813
424,0,0,0.0,494
426,0,0,0.0,283
427,599,3,791.51,939
428,1219,2,379.98,1265
43,1024,2,677.6,1147
430,574,3,905.02,787
431,12,1,1093.71,405
432,0,0,0.0,464
433,0,0,0.0,165
434,0,0,0.0,935
435,0,0,0.0,464
436,0,0,0.0,165
437,0,0,0.0,1288
438,0,0,0.0,22
439,0,0,0.0,22
440,0,0,0.0,22
441,0,0,0.0,935
443,166,2,60.68,250
444,1096,1,239.35,1132
445,1341,4,469.91,1360
447,0,0,0.0,1285
448,445,2,433.61,687
45,212,1,279.1,676
450,237,1,613.88,735
451,1137,5,132.57,1361
452,860,2,1298.73,1314
453,1329,4,978.4,1333
454,441,3,998.91,579
455,0,0,0.0,60
456,0,0,0.0,204
457,0,0,0.0,60
458,0,0,0.0,231
459,0,0,0.0,941
46,0,0,0.0,464
460,0,0,0.0,1134
461,0,0,0.0,60
463,1263,5,1231.25,1266
464,731,2,326.39,805
465,675,1,322.85,749
466,0,0,0.0,1450
467,0,0,0.0,1450
468,0,0,0.0,1450
469,0,0,0.0,1450
470,0,0,0.0,1450
471,1256,4,1830.49,1422
472,821,4,449.33,1422
474,0,0,0.0,946
475,0,0,0.0,686
476,347,1,934.04,400
477,6,1,420.72,774
478,765,7,3059.32,1057
479,765,3,920.73,1057
48,515,3,204.37,869
480,397,1,756.42,794
482,173,1,901.19,545
483,1029,3,1539.92,1253
485,1322,2,1537.6,1384
486,752,3,1931.99,833
487,0,0,0.0,1323
488,0,0,0.0,1323
489,0,0,0.0,1323
49,922,6,258.71,1008
490,0,0,0.0,62
491,1169,6,5450.52,1326
492,731,2,413.7,843
493,0,0,0.0,1260
494,1169,3,2190.19,1326
496,787,1,275.08,1054
497,876,2,1715.88,1143
499,407,1,334.63,631
5,516,1,2999.4,1114
50,0,0,0.0,1008
500,210,3,219.96,424
501,0,0,0.0,144
503,167,1,1754.39,445
505,14,1,266.3,358
506,0,0,0.0,302
507,868,1,955.89,1170
508,1271,4,234.57,1407
510,1096,4,890.58,1448
511,0,0,0.0,415
512,0,0,0.0,638
513,0,0,0.0,415
514,894,3,968.47,1013
515,0,0,0.0,415
516,0,0,0.0,638
518,429,2,140.9,1122
519,0,0,0.0,537
52,788,2,446.08,1208
521,585,2,4184.42,731
522,789,2,1443.92,1105
524,809,2,3849.58,1260
526,765,3,777.47,1316
527,0,0,0.0,619
528,0,0,0.0,965
53,937,2,1129.14,1252
530,619,1,177.12,941
531,0,0,0.0,265
533,319,1,82.58,1014
534,794,2,649.48,848
535,319,1,408.03,1167
537,299,2,304.19,447
539,0,0,0.0,1143
540,992,5,2163.43,1143
542,591,3,209.52,966
543,537,1,1141.18,576
544,805,3,325.37,888
546,628,4,84.23,886
547,202,2,163.78,1113
549,1233,1,202.41,1260
55,552,2,706.34,817
550,913,3,1956.72,1250
551,1193,2,450.6,1250
552,458,1,8038.8,871
553,1218,10,7684.01,1433
554,0,0,0.0,834
555,921,4,2711.24,1228
556,1218,4,1006.64,1433
558,0,0,0.0,470
559,448,3,492.57,738
56,1164,4,1990.96,1168
560,0,0,0.0,253
561,298,1,216.32,860
562,1031,1,2618.83,1071
563,1031,3,5690.21,1071
565,0,0,0.0,662
566,434,3,1418.68,1082
568,1371,6,912.14,1398
569,0,0,0.0,814
57,0,0,0.0,710
570,747,2,1063.93,1267
572,297,2,422.28,482
573,535,4,970.27,1389
574,121,1,3746.94,181
576,984,4,346.16,1267
577,0,0,0.0,1024
578,0,0,0.0,1328
579,0,0,0.0,1328
580,0,0,0.0,1328
581,0,0,0.0,190
582,0,0,0.0,827
583,0,0,0.0,1028
584,0,0,0.0,1259
585,550,1,3146.7,1328
586,0,0,0.0,492
587,0,0,0.0,492
588,0,0,0.0,1024
589,0,0,0.0,190
59,39,2,392.0,311
591,0,0,0.0,856
592,660,4,1198.87,1444
593,1381,4,96.92,1444
594,1141,3,236.33,1203
595,546,1,845.74,732
596,0,0,0.0,1415
597,1079,3,633.39,1117
599,0,0,0.0,917
6,583,1,1696.18,950
60,406,1,141.49,569
600,1122,2,449.88,1389
602,827,2,825.56,1054
603,1407,4,300.06,1427
604,1296,8,914.66,1388
605,1100,3,383.8,1388
606,993,4,121.96,1085
607,961,8,3699.53,1067
608,930,3,867.93,1036
609,731,5,806.19,839
61,724,4,684.07,774
611,597,3,357.61,676
613,775,2,69.59,836
614,679,3,224.89,1084
615,0,0,0.0,995
617,0,0,0.0,1159
618,1059,3,1509.17,1194
619,1096,3,841.74,1273
62,1129,3,229.61,1148
621,0,0,0.0,1404
622,0,0,0.0,1404
623,0,0,0.0,1187
624,0,0,0.0,1187
626,0,0,0.0,799
627,552,2,3223.91,1167
629,624,3,117.32,1059
63,92,2,876.38,299
631,102,1,966.51,429
632,299,1,9.31,648
633,0,0,0.0,648
635,1119,3,2275.05,1183
636,731,2,776.75,1078
637,963,4,2507.11,1382
638,774,2,936.02,1341
639,1100,1,1397.71,1416
64,1273,2,788.08,1400
640,1100,9,7123.28,1416
642,731,4,1322.73,901
643,0,0,0.0,188
645,520,1,842.45,717
646,1096,2,984.67,1293
648,0,0,0.0,1289
649,890,4,482.75,1128
65,0,0,0.0,608
651,220,1,3634.73,1454
653,1096,1,2307.64,1355
654,0,0,0.0,1021
655,0,0,0.0,743
656,0,0,0.0,12
657,0,0,0.0,1442
658,0,0,0.0,89
659,0,0,0.0,1442
66,406,1,1102.09,608
661,223,1,66.21,937
663,894,3,718.72,1128
664,0,0,0.0,266
665,1206,2,1890.1,1445
666,1110,2,686.3,1349
667,1206,4,6130.68,1445
669,512,2,1120.42,1198
67,1165,2,1865.65,1459
670,1117,1,843.57,1397
672,1115,3,285.0,1425
673,0,0,0.0,521
674,984,3,2295.76,1278
675,0,0,0.0,879
676,0,0,0.0,148
678,1281,1,46.27,1349
679,1096,3,3516.39,1214
68,1257,4,10950.19,1459
680,1121,3,876.58,1214
681,0,0,0.0,74
683,884,1,44.5,1364
685,802,2,774.76,940
686,0,0,0.0,721
688,751,4,2038.77,1325
689,998,3,29.83,1426
69,0,0,0.0,608
691,1262,7,667.74,1381
693,1245,6,2237.36,1377
694,929,4,179.68,981
695,803,1,492.2,938
696,1096,4,207.96,1375
697,1118,4,687.09,1375
698,1118,7,2206.66,1375
699,1330,14,2908.97,1348
7,0,0,0.0,427
70,0,0,0.0,1428
700,0,0,0.0,1137
701,888,3,953.53,906
702,977,3,630.18,1348
703,0,0,0.0,747
704,0,0,0.0,253
705,0,0,0.0,801
706,0,0,0.0,253
707,0,0,0.0,512
708,0,0,0.0,253
709,0,0,0.0,155
710,0,0,0.0,155
711,0,0,0.0,1304
712,0,0,0.0,892
713,0,0,0.0,892
714,0,0,0.0,208
716,541,3,2237.51,996
717,0,0,0.0,1054
718,942,3,716.5,1054
719,856,2,184.74,1218
72,0,0,0.0,506
721,962,2,89.09,1286
722,0,0,0.0,104
724,0,0,0.0,1387
725,0,0,0.0,807
726,0,0,0.0,977
727,0,0,0.0,1387
728,0,0,0.0,207
729,0,0,0.0,388
73,0,0,0.0,64
730,0,0,0.0,977
731,0,0,0.0,1162
732,0,0,0.0,388
733,0,0,0.0,977
734,0,0,0.0,497
735,0,0,0.0,497
736,0,0,0.0,1295
737,0,0,0.0,1303
738,0,0,0.0,1295
739,0,0,0.0,497
74,0,0,0.0,386
740,0,0,0.0,807
741,0,0,0.0,1295
742,0,0,0.0,497
744,1280,3,1058.35,1433
745,1200,4,1736.45,1263
746,859,5,84.98,865
749,182,3,849.46,416
75,0,0,0.0,629
750,1033,3,1857.96,1449
751,783,1,194.06,1403
753,1084,3,749.25,1207
754,1031,4,349.01,1306
756,730,3,751.42,962
757,777,1,67.9,1238
759,1163,4,162.82,1312
76,0,0,0.0,629
760,380,1,174.66,1063
762,1096,4,3225.85,1161
764,183,3,111.41,259
765,0,0,0.0,233
767,892,3,561.53,1431
768,0,0,0.0,755
77,0,0,0.0,629
770,0,0,0.0,1199
771,716,2,5578.8,1199
772,1200,5,511.05,1447
773,447,2,768.76,576
775,0,0,0.0,305
776,619,2,1026.78,820
777,0,0,0.0,868
778,0,0,0.0,868
779,0,0,0.0,868
78,0,0,0.0,629
780,0,0,0.0,431
782,0,0,0.0,1342
783,0,0,0.0,1455
784,0,0,0.0,303
786,1207,4,958.13,1365
787,503,2,629.43,745
788,0,0,0.0,303
790,0,0,0.0,675
791,0,0,0.0,675
792,1280,3,661.1,1289
794,0,0,0.0,224
796,841,2,845.61,1391
797,1039,3,469.92,1309
799,589,2,474.34,1455
8,0,0,0.0,371
80,526,3,1080.32,1059
800,0,0,0.0,1190
801,300,1,2738.17,617
803,487,1,68.28,1159
804,181,1,961.91,536
805,763,2,1754.32,972
806,616,1,5435.57,1271
807,0,0,0.0,655
808,0,0,0.0,175
81,172,1,506.48,533
810,0,0,0.0,1068
811,0,0,0.0,478
812,0,0,0.0,233
813,0,0,0.0,367
814,0,0,0.0,867
815,0,0,0.0,807
816,0,0,0.0,468
817,0,0,0.0,867
819,51,1,532.4,369
820,1096,2,5.17,1320
822,0,0,0.0,35
823,1144,5,217.29,1268
824,1151,2,1100.89,1268
825,899,3,1018.74,1136
826,114,3,323.15,345
827,0,0,0.0,1132
829,1111,2,1081.72,1227
83,1266,2,664.2,1387
830,1252,4,1433.32,1437
831,874,2,686.72,1005
833,1152,1,343.87,1452
834,0,0,0.0,158
835,0,0,0.0,718
836,0,0,0.0,251
838,786,3,2013.3,876
84,1336,4,3299.7,1428
840,917,2,672.96,994
841,0,0,0.0,495
842,0,0,0.0,70
843,0,0,0.0,195
844,0,0,0.0,495
845,0,0,0.0,70
846,0,0,0.0,495
847,0,0,0.0,195
848,0,0,0.0,382
85,740,2,3188.35,996
850,678,1,196.76,1211
851,1265,3,169.16,1405
852,0,0,0.0,88
853,1096,3,2486.3,1202
854,0,0,0.0,1157
855,0,0,0.0,1157
856,0,0,0.0,88
857,38,1,33.58,126
858,0,0,0.0,1157
859,0,0,0.0,126
860,0,0,0.0,126
862,745,4,1389.79,839
863,101,2,1189.98,480
865,91,1,161.25,1314
866,574,1,417.68,1035
868,1296,5,1375.81,1405
87,1047,2,1942.61,1307
870,0,0,0.0,794
871,1163,5,447.02,1387
873,0,0,0.0,261
874,849,2,346.14,1007
875,407,1,361.1,1228
877,198,2,371.95,292
878,0,0,0.0,94
88,0,0,0.0,749
880,1097,2,2173.77,1377
881,589,2,96.36,952
883,791,4,3557.29,838
884,0,0,0.0,229
885,1072,2,808.69,1133
886,538,2,1787.87,867
887,420,3,553.2,472
888,772,2,1130.3,870
889,755,5,108.77,1044
890,1096,3,1134.94,1456
892,0,0,0.0,226
893,527,2,290.09,591
894,1445,8,1771.17,1451
895,549,4,542.53,609
896,1445,3,342.18,1451
897,0,0,0.0,273
898,995,3,601.52,1268
899,898,2,170.03,1268
9,0,0,0.0,371
90,0,0,0.0,693
901,491,3,853.34,959
902,0,0,0.0,110
903,0,0,0.0,1206
904,0,0,0.0,355
905,0,0,0.0,297
907,1126,3,158.18,1404
908,132,1,759.03,155
91,845,4,994.71,1324
910,303,1,348.65,1327
911,406,2,981.75,1430
913,525,2,1767.87,554
914,739,5,282.09,768
915,1277,3,252.66,1457
916,1096,1,1034.08,1276
918,1292,5,630.79,1359
919,932,3,873.52,1359
92,1285,3,247.47,1324
920,1112,3,646.54,1375
922,846,2,1101.21,1321
923,768,1,1372.28,948
924,0,0,0.0,217
925,555,1,203.14,1365
926,0,0,0.0,792
927,0,0,0.0,366
928,0,0,0.0,1083
929,0,0,0.0,1365
93,649,2,1395.55,770
930,0,0,0.0,269
931,0,0,0.0,165
932,0,0,0.0,792
933,0,0,0.0,366
934,0,0,0.0,792
936,524,2,49.23,1413
937,703,2,327.75,1100
939,0,0,0.0,119
94,1132,8,3971.88,1154
940,0,0,0.0,1357
941,199,1,374.11,329
942,0,0,0.0,804
943,0,0,0.0,767
945,947,4,695.74,1212
946,0,0,0.0,1217
947,0,0,0.0,1269
948,0,0,0.0,895
949,1401,8,2360.82,1459
95,162,1,1581.24,449
950,1401,2,833.87,1459
951,919,5,445.63,1005
953,0,0,0.0,308
954,1414,3,202.14,1418
956,329,3,192.34,1040
957,0,0,0.0,711
959,722,1,656.83,1380
96,570,2,268.66,863
960,1069,1,176.33,1426
961,677,2,1356.18,1225
962,1297,4,3436.62,1426
964,0,0,0.0,732
965,0,0,0.0,961
966,0,0,0.0,889
967,0,0,0.0,190
968,0,0,0.0,371
969,0,0,0.0,961
97,1132,3,1199.2,1154
970,1096,2,4791.57,1168
972,1072,3,447.07,1220
973,605,2,955.53,657
974,0,0,0.0,679
975,0,0,0.0,1184
976,0,0,0.0,679
977,0,0,0.0,148
978,0,0,0.0,88
979,410,1,718.47,725
98,0,0,0.0,263
980,0,0,0.0,1244
981,737,1,1752.71,778
983,965,4,3121.16,1344
984,731,4,1202.39,998
985,0,0,0.0,354
986,0,0,0.0,707
987,0,0,0.0,354
988,0,0,0.0,1085
989,0,0,0.0,362
99,0,0,0.0,1042
990,0,0,0.0,1018
991,0,0,0.0,354
993,1221,2,479.92,1411
994,0,0,0.0,1204
995,0,0,0.0,1147
996,0,0,0.0,480
997,0,0,0.0,1437
998,0,0,0.0,71
999,0,0,0.0,1204
